{
  "0": {
    "psi": 0.07520467151148592,
    "ks_statistic": 0.09974442379182157,
    "ks_p_value": 0.26103273465562576,
    "jensen_shannon": 0.13827898939484165,
    "alert_level": "WARNING",
    "reference_mean": -0.0018031104114619376,
    "new_mean": -0.0968944994587509,
    "reference_std": 0.9935369875825,
    "new_std": 0.8215157689968553
  },
  "1": {
    "psi": 0.07014308796411475,
    "ks_statistic": 0.10238847583643122,
    "ks_p_value": 0.23452277659096116,
    "jensen_shannon": 0.20784192955534486,
    "alert_level": "CRITICAL",
    "reference_mean": 0.010496428006888403,
    "new_mean": 0.06496431203463765,
    "reference_std": 1.005472394742024,
    "new_std": 0.8648512515133182
  },
  "2": {
    "psi": 0.13188948455382543,
    "ks_statistic": 0.07235130111524164,
    "ks_p_value": 0.6515745408242718,
    "jensen_shannon": 0.03862629702136854,
    "alert_level": "WARNING",
    "reference_mean": -0.0003142947608758641,
    "new_mean": -0.037138598742976196,
    "reference_std": 1.010477689191166,
    "new_std": 0.00923213070255615
  },
  "3": {
    "psi": 0.1339774039236587,
    "ks_statistic": 0.11535780669144981,
    "ks_p_value": 0.13295543165374848,
    "jensen_shannon": 0.037024921981578945,
    "alert_level": "WARNING",
    "reference_mean": -0.004872300896484776,
    "new_mean": -0.0396442237643122,
    "reference_std": 0.8704254011900772,
    "new_std": 0.011155412521168995
  },
  "4": {
    "psi": 0.2693827804123034,
    "ks_statistic": 0.10639869888475836,
    "ks_p_value": 0.19824361775290736,
    "jensen_shannon": 0.17690075460478633,
    "alert_level": "CRITICAL",
    "reference_mean": -0.0010276718927615153,
    "new_mean": -0.0537017518348088,
    "reference_std": 1.005322358083706,
    "new_std": 0.8150058795362172
  },
  "5": {
    "psi": 0.07362829331516794,
    "ks_statistic": 0.07449349442379183,
    "ks_p_value": 0.6156361659538848,
    "jensen_shannon": 0.15726008924948146,
    "alert_level": "WARNING",
    "reference_mean": 0.0016355107890896076,
    "new_mean": 0.1447685636759429,
    "reference_std": 1.0019348711639318,
    "new_std": 0.42966750799860925
  },
  "6": {
    "psi": 0.18329822795170686,
    "ks_statistic": 0.11843401486988847,
    "ks_p_value": 0.11504148839741037,
    "jensen_shannon": 0.16701151889603377,
    "alert_level": "WARNING",
    "reference_mean": -0.008966974708925187,
    "new_mean": 0.0009299950317008016,
    "reference_std": 0.9989514460848488,
    "new_std": 0.7688289142822791
  },
  "7": {
    "psi": 0.04564941168791149,
    "ks_statistic": 0.06022304832713755,
    "ks_p_value": 0.8442598681335431,
    "jensen_shannon": 0.12778692091581417,
    "alert_level": "WARNING",
    "reference_mean": -0.011666819930558325,
    "new_mean": -0.10072733579032705,
    "reference_std": 0.9961371597058076,
    "new_std": 0.8659584549572164
  },
  "8": {
    "psi": 0.0029067205100216124,
    "ks_statistic": 0.035223048327137546,
    "ks_p_value": 0.9993357826522689,
    "jensen_shannon": 0.17710530937682353,
    "alert_level": "NORMAL",
    "reference_mean": -0.0011474963379597344,
    "new_mean": 0.0007447065274736095,
    "reference_std": 0.9985011018537974,
    "new_std": 1.0042593951452392
  },
  "9": {
    "psi": 0.0,
    "ks_statistic": 0.005343866171003717,
    "ks_p_value": 1.0,
    "jensen_shannon": 0.028388390941766966,
    "alert_level": "NORMAL",
    "reference_mean": 0.003716801826342937,
    "new_mean": -0.0340379381565449,
    "reference_std": 1.085295107674423,
    "new_std": 0.0
  },
  "10": {
    "psi": 0.1678548205885767,
    "ks_statistic": 0.16571561338289964,
    "ks_p_value": 0.007678434871906668,
    "jensen_shannon": 0.08217582002416059,
    "alert_level": "WARNING",
    "reference_mean": -0.009475720289166215,
    "new_mean": 0.09754060264519383,
    "reference_std": 0.9183500797148451,
    "new_std": 0.7589349307617707
  },
  "11": {
    "psi": 0.09372092374565766,
    "ks_statistic": 0.15196096654275093,
    "ks_p_value": 0.018532723187327238,
    "jensen_shannon": 0.14089848219220358,
    "alert_level": "WARNING",
    "reference_mean": -0.010543085580846434,
    "new_mean": 0.14293748126947237,
    "reference_std": 0.9892361377638685,
    "new_std": 1.0987090233104364
  },
  "12": {
    "psi": 0.0,
    "ks_statistic": 0.00023234200743494423,
    "ks_p_value": 1.0,
    "jensen_shannon": 0.006345295509000327,
    "alert_level": "NORMAL",
    "reference_mean": 0.0003237683663069121,
    "new_mean": -0.011611760391617001,
    "reference_std": 1.0922010609127197,
    "new_std": 1.7434626923745965e-18
  },
  "13": {
    "psi": 0.03742397371732691,
    "ks_statistic": 0.06319702602230483,
    "ks_p_value": 0.800755576171006,
    "jensen_shannon": 0.12284766120978066,
    "alert_level": "WARNING",
    "reference_mean": -0.005933369614439506,
    "new_mean": 0.007437842251719071,
    "reference_std": 1.0053498371780143,
    "new_std": 0.775577521235557
  },
  "14": {
    "psi": 0.06597871139434676,
    "ks_statistic": 0.07296003717472119,
    "ks_p_value": 0.6413560978782075,
    "jensen_shannon": 0.10313123321013885,
    "alert_level": "WARNING",
    "reference_mean": -0.007814739299951915,
    "new_mean": 0.2234561471528166,
    "reference_std": 0.9660277003504518,
    "new_std": 1.3779652804174147
  },
  "15": {
    "psi": 0.004873470151377303,
    "ks_statistic": 0.06345260223048327,
    "ks_p_value": 0.7968604196696879,
    "jensen_shannon": 0.1201345119674293,
    "alert_level": "WARNING",
    "reference_mean": -0.0001273448419975575,
    "new_mean": 0.0312555180199023,
    "reference_std": 0.9999256598105442,
    "new_std": 0.9168689458730291
  },
  "16": {
    "psi": 0.030672359220751875,
    "ks_statistic": 0.0762174721189591,
    "ks_p_value": 0.586909686580152,
    "jensen_shannon": 0.173738987261095,
    "alert_level": "WARNING",
    "reference_mean": -0.010167655051517684,
    "new_mean": -0.00845223866502848,
    "reference_std": 0.9538395309559338,
    "new_std": 1.0407091222858604
  },
  "17": {
    "psi": 0.07435948256527924,
    "ks_statistic": 0.1321700743494424,
    "ks_p_value": 0.05753035448942513,
    "jensen_shannon": 0.01418972534874682,
    "alert_level": "WARNING",
    "reference_mean": 0.0029835136543468243,
    "new_mean": -0.012135388660567492,
    "reference_std": 1.117935802144545,
    "new_std": 0.008954138225976077
  },
  "18": {
    "psi": 0.11576207409234957,
    "ks_statistic": 0.0749953531598513,
    "ks_p_value": 0.6072386372771083,
    "jensen_shannon": 0.016790225828674735,
    "alert_level": "WARNING",
    "reference_mean": 0.003143680172633423,
    "new_mean": -0.013628475959042652,
    "reference_std": 1.1176606461956398,
    "new_std": 0.04754037715570186
  },
  "19": {
    "psi": 0.10124694132008086,
    "ks_statistic": 0.14728159851301115,
    "ks_p_value": 0.02457479753194737,
    "jensen_shannon": 0.11542049342037941,
    "alert_level": "WARNING",
    "reference_mean": -0.007848270348340226,
    "new_mean": 0.18600929871143393,
    "reference_std": 0.9977922699404074,
    "new_std": 1.0543123511275823
  },
  "20": {
    "psi": 0.0,
    "ks_statistic": 0.005343866171003717,
    "ks_p_value": 1.0,
    "jensen_shannon": 0.04307692133362484,
    "alert_level": "NORMAL",
    "reference_mean": 0.0032581068887457794,
    "new_mean": -0.07167835155240689,
    "reference_std": 1.0224147063257587,
    "new_std": 1.3947701538996772e-17
  },
  "21": {
    "psi": 0.0,
    "ks_statistic": 0.06855018587360595,
    "ks_p_value": 0.7151447366001313,
    "jensen_shannon": 0.05437746009954144,
    "alert_level": "NORMAL",
    "reference_mean": -0.00544496162320627,
    "new_mean": 0.14330332331297746,
    "reference_std": 1.0023324630082453,
    "new_std": 0.9314041099972896
  },
  "22": {
    "psi": 0.0,
    "ks_statistic": 0.06022304832713755,
    "ks_p_value": 0.8442598681335431,
    "jensen_shannon": 0.05064391177845713,
    "alert_level": "NORMAL",
    "reference_mean": -0.012413775958790996,
    "new_mean": -0.1487549085231393,